latin,common,image_name,height_code,bloom_code,sun_code,moist_code,cat_code,deer_code,wild_code ,soil_code,wildlife_comments,design_function,gardening_tips,credit_code,region_code
Acer rubrum,Red Maple,acer_rubrum.jpg,7,2,3,3,5,6,6,6,"Evening Grosbeak, Flying Squirrel, Chipmunk; silkworm moths species, used by a lot of moths.",Shade tree. Specimen.,40-70 feet. Fast-growing. Tolerates wet soil and air pollution. Avoid planting near sidewalks as shallow root system may cause buckling.,5,6
Achillea millefolium,Common Yarrow,achillea_millefolium.jpg,2,4,2,2,1,6,15,5,Cottontail rabbit. Painted Lady butterfly. Several cavity nesting birds use Yarrow to line their nests. , Border. , Drought tolerant. Many colors available.,5,7
Actaea racemosa,Common black cohosh; bugbane,actaea_racemosa.jpg,3,4,5,4,1,6,11,7,Appalachian Azur caterpillars. , Shade border. Woodland garden.,,1,7
Adiantum pedatum,Northern Maidenhair Fern,adiantum_pedatum.jpg,2,1,5,4,4,1,30,7,Provides shelter for toads and lizards.,Unique foliage.,Some sources suggest adding calcium. Forms colonies by means of creeping rhizomes.,1,7
Ageratina altissima [formerly Eupatorium rugosum],White Snakeroot,logo_785x853.jpg,3,6,3,2,1,6,13,6, Host to 5 species of Lepidoptera ,Groundcover. , Reseeds. ,6,7
Alnus serrulata,Smooth Alder; Hazel Alder,alnus_serrulata2.jpg,4,2,1,5,2,6,1,5,"Common and Hoary Redpoll, Pine Siskin, Goldfinch, Ruffed Grouse, American Woodcock, Swamp Sparrow. Provides cover for many other birds. Mice, deer, and beaver eat parts, and beavers will also use for dam construction. A carniverous caterpillar (Fenisca tarquinius - Harverter) is often found on plant consuming the aphids that this plant attracts.",Streambank stabilization.,Space 5-10 feet apart. ,5,7
Amelanchier arborea,Downy Serviceberry,amelanchier_arborea.jpg,5,2,5,2,5,6,6,7,"Squirrel, Thrush,  Cardinal, Catbird, Chickadee, Thrasher, Mockingbird, Bluebird, Chipmunk, Flying Squirrel  This genus is known to host 124 species of Lepidoptera and at least 40 bird species eat the fruit, as well as countless mammals. Supplies needed nectar in early spring. ",Ornamental understory tree. Commercial spaces. Multi-season interest. Small gardens.,"White flowers in March - May followed by red to purple fruit in June - August, then brilliant fall color ranging from yellow and orange to red.",6,6
Amelanchier laevis,Allegheny Serviceberry,amelanchier_laevis.jpg,5,2,5,2,5,6,6,1,"This genus is known to host 124 species of Lepidoptera and at least 40 bird species eat the fruit, as well as countless mammals. Supplies needed nectar in early spring. ",,,5,6
Amelanchier canadensis,Canada Serviceberry,amelanchier_canadensis.jpg,5,2,2,4,5,4,1,6,"This genus is known to host 124 species of Lepidoptera and at least 40 bird species eat the fruit, as well as countless mammals. Supplies needed nectar in early spring. ",Ornamental understory tree.  Multi-season interest. Small gardens.,"White flowers in March - May followed by red to purple fruit in June - August, then brilliant fall color ranging from yellow and orange to red.",6,6
Amorpha fruticosa,False indigo,amorpha_fruticosa.jpg,4,3,2,2,2,1,14,6,Can form dense thickets and provide cover for wildlife.,,,3,7
Andropogon virginicus,Broomsedge; Broomstraw; Sedge Grass,logo_785x853.jpg,3,6,1,3,6,6,17,6,,Erosion control. Fall and winter interest.,Seeds are striking if fall and winter. Attracitve clum-forming grass turns a tawny brown in fall. ,6,7
Anemone virginiana,Tall Anemone; Thimbleweed,anemone_virginiana.jpg,2,3,2,2,1,6,30,6,,Ground cover.,,5,7
Antennaria plantaginifolia,Plantain-leaved Pussytoes,antennaria_plantaginifolia.jpg,1,3,1,2,1,6,5,7,"Cardinal, Cottontail rabbit, Painted Lady caterpillars",Very short ground cover. ,,1,7
Aquilegia canadensis,Wild Columbine; Eastern Red Columbine,aquilegia_canadensis.jpg,2,2,4,3,1,3,31,3,Larval host to Columbine Duskywing. The backward-pointed tubes of the flower contain nectar that attracts insects and hummingbirds with long tonuges especially adapted for reaching the sweet secretion.,"Short borders, nice on hillsides.",Short-lived but will pop up other places from seed.,2,7
Aralia racemosa,Spikenard; American Spikenard,aralia_racemosa.jpg,3,4,5,4,1,6,30,6,,,,5,7
Aralia spinosa,Devils Walking-stick; Hercules club,logo_785x853.jpg,5,4,2,2,5,6,17,6,,,Sends up new trunks at a long distance from the original.,6,7
Arisaema triphyllum,Common Jack-in-the-pulpit,arisaema_triphyllum2.jpg,2,3,5,5,1,2,1,7,"Wood Thrush, Wild turkey, Wood Duck, Pheasant. Birds and mammals eat the bright red berries.",Specimen. Shade or woodland garden. ,Excellent woods or shady garden plant. Very easy to cultivate.,5,7
Aronia arbutifolia,Red Chokeberry,aronia_arbutifolia.jpg,4,2,1,3,2,6,20,6,"Black Capped Chickadee, Cedar Waxwing, Red Fox. Per Alonso Abugattas, the fruit are not preferred food sources but are a starvation food readily consumed in late February or March by desperate birds.",Fall color.,"Beautiful white flowers and long-lasting fruit. Tolerates most soil conditions including compaction, some salt, some flooding, even pruning. Fall foliage intense, shiny, raspberry to crimson, with purplish highlights.",5,7
Aronia melanocarpa (Photinia melanocarpa),Black Chokeberry,aronia_melanocarpa.jpg,3,3,2,3,2,6,19,6,The fruit are not preferred food sources but are a starvation food readily consumed in late February or March by desperate birds (per Alonso Abugattas).,Commercial spaces. Erosion control.,"Beautiful white flowers and long-lasting fruit. Tolerates most soil conditions including compaction, some salt, some flooding, even pruning.",1,7
Aruncus dioicus,Goatsbeard (Eastern Goats-beard),aruncus_dioicus.jpg,3,3,5,2,1,2,16,6,Larval host to Dusky Azure (Celastrina nigra) butterfly. ,Shade border. Mass plantings,Needs space; good for large-scale displays massed in a drift down a slope.,1,7
Asarum canadense,Common Wild Ginger,asarum_canadense.jpg,1,2,5,4,1,2,16,6,Food source and larval host for Pipevine Swallowtail. Seeds dispersed by ants. , Groundcover for shade. Semi-evergreen. ,"A good, low-maintenance ground cover for woodlands and shaded landscape.",1,7
Asclepias incarnata,Swamp Milkweed,asclepias_incarnata.jpg,3,4,2,5,1,1,18,5,"Larval host to the Monarch butterfly and Queen butterfly. Black duck, Mallard. "," Rain garden, border. ","Does very well in average garden soil, particularly with some afternoon shade; tolerates heavy clay soils due to fibrous root structure. Tends to flop. It cannot be transplanted because of its deep taproot. Will inevitably have aphids, but the insects are not a problem unless the plant looks sick, in which case an effective treatment is to sprady the plant and aphids with soapy water.",1,7
Asclepias tuberosa,Butterfly Weed,asclepias_tuberosa.jpg,2,4,2,2,1,6,16,7,Larval host to the Monarch butterfly as well as Grey Hairstreak and Queen butterfly. ,Border.,"Very long blooming. Politely self-seeds. Aphids and milkweed bugs are normal and harmless. Tolerates dry, hot conditions. Leave undisturbed once established. Easily grown from seed though somewhat slow to establish and may take 2-3 years to produce flowers. ",1,7
Asimina triloba,Pawpaw; Common Pawpaw,asimina_triloba.jpg,5,2,3,4,5,1,6,7,A larval host for Zebra Swallowtail butterfly (Eurytides marcllus) and Pawpaw sphinx moth (Dolba hyloeus). (Total of 12 species of Lepidoptera). Fruit is consumed by various mammalian and bird wildlife; beaver will consume the bark.,Edible fruit,Two differrent (non-clonal) plants are needed to get fruit.,5,6
Asplenium platyneuron,Ebony Spleenwort,logo_785x853.jpg,2,1,3,4,4,6,30,6,Woodland mice may eat the fronds. Small insects eat the plant juice.,,"One of the most drought-tolerant ferns, takes more sun than many, provided it is kept moist enough.",6,7
Athyrium asplenioides,Southern Lady Fern,athyrium_asplenioides.jpg,2,1,5,4,4,6,30,7,Provides cover for Woodhouse toads and lizards. Host to three species of native caterpillars.,Spreading.,Beautiful upright feathery fronds give the illusion of a dainty fern. It can be used as a ground cover on the northeast side of buildings. Protect it from wind.,1,7
Baccharis halimifolia,High Tide Bush; Groundsel Tree; Mullet Bush,baccharis halimifolia.jpg,4,6,1,3,2,6,13,6,Marsh Wrens and other birds nest on the branches.,,Semi-evergreen.,6,7
Baptisia australis,Blue Wild indigo,baptisia_australis.jpg,3,3,1,2,1,1,3,4,Bumble bees and other native bees. ,Border. ,Neat-and-tidy. Spreads sideways from seeds dropped below the plant. ,1,3
Baptisia tinctoria,Yellow Wild-indigo,logo_785x853.jpg,2,4,1,1,1,2,15,7, A larval host for the rare Frosted Elfin and Wild Indigo Duskywing butterflies and the Io moth.,Border. ,,6,7
Betula nigra,River Birch,betula_nigra.jpg,6,2,4,5,5,6,6,5,"Seeds are eaten by Grouse, Turkey, song birds, and rodents; the caterpillars of many moths and the Mourning Cloak butterfly feed on birch; beavers feed on wood and bark and use branches in constructing lodges; cottaintails feed on foliage of young trees.",Specimen. Winter interest. Commercial spaces. Erosion control on stream banks.  ,"50-70 feet. May grow with multiple trunks, beautiful peeling bark. Fast growing and long-lived. Tolerates compacted soil and wet conditions. Does not tolerate shade.",1,6
Bidens aristosa,Tickseed Sunflower,bidens_aristosa.jpg,3,5,1,5,1,6,22,1," Seeds are eaten by rodents and many birds including Bobwhite, Swamp Sparrow, and Purple Finch; foliage occasionally eaten by Cottontail.","Border, meadow, pollinator garden. ",Reseeding annual. May be difficult to find for sale.,1,7
Bidens cernua,Nodding Beggar-ticks; Nodding Bur-marigold,bidens_cernua.jpg,2,5,2,2,1,6,19,6," Dainty Sulfur butterfly; seeds are eaten by birds including the Mallard, Swamp Sparrow, and Purple Finch; foliage occasionally eaten by Cottontail ",,May be difficult to find for sale. ,6,7
Bidens laevis,Smooth Bur-marigold,bidens_laevis.jpg,3,5,2,5,1,6,19,7,,,May be difficult to find for sale. ,5,7
Bignonia capreolata,Cross-vine,logo_785x853.jpg,5,3,2,3,3,6,28,6,,Evergreen.,"Clings to stone, brick, pergolas, and fences wihtout support. In fall, the leaves become purple until spring.",6,7
Caltha palustris,Marsh Marigold; Cowslip,caltha_palustris.jpg,2,3,2,6,1,6,3,5,, Ground cover. ,May be difficult to find for sale. ,5,6
Carex laxiculmis,Spreading sedge,logo_785x853.jpg,1,3,5,5,6,6,19,4,,Ground cover.,,6,6
Carex pensylvanica,Pennsylvania Sedge,carex_pensylvanica.jpg,1,3,3,2,6,1,1,4,,Ground cover.,Enriches the soil. Spreads by rhizomes. ,1,7
Carex plantaginea,Plantain-leaved Sedge,carex_plantaginea.jpg,1,2,5,4,6,6,5,5,,Ground cover.,Excellent substitute for liriope. Prefers a little shade.,1,3
Carex stricta,Tussock Sedge; Upright Sedge,logo_785x853.jpg,2,3,1,2,6,6,6,6,,Ground cover.,,6,7
Carpinus caroliniana,American Hornbeam; Ironwood,carpinus_caroliniana.jpg,6,8,5,3,5,2,1,7,"Larval host to Eastern Tiger Swallowtail, Striped Hairstreak, and Red-spotted Purple. Birds and mammals feed on fruit. Various parts are eaten by songbirds, pheasants, fox, squirrels, cottontail, beaver, deer; beaver use the wood.",Specimen. Commercial spaces.,Scarlet - orange fall foliage.,4,6
Carya cordiformis,Bitternut Hickory,carya_cordiformis.jpg,7,2,1,5,5,6,6,6,"Red Bellied Woodpecker, Blue Jay, Nuthatch, Gray Squirrel, Eastern Cottontail, Chipmunk. Larval host to many moths including Luna, Funeral Dagger, and Giant Regal.",,"Prefers moist conditions, unlike other hickories.",5,6
Carya glabra,Pignut Hickory,carya_glabra.jpg,7,2,2,3,5,6,23,3,"Many butterflies and moths feed on various parts; nuts are eaten by many mammals including Squirrels, Chipmunks, Fox, Raccoon, and Black Bear and some birds including Pheasants, Crow, Red-bellied Woodpecker, White-breasted Nuthatch, and Rose-breasted Grosbeak.",,,4,6
Carya tomentosa (alba?),Mockernut Hickory,logo_785x853.jpg,7,2,5,2,5,6,1,7,"Squirrels, bear, foxes, beavers, and mice feed on nuts and sometimes bark; minor source of food for ducks, quail, and turkey.",,,6,7
Castanea pumila,Allegheny Chinquapin,castanea_pumila.jpg,5,2,2,1,2,6,6,7,"Larval host to Orange-striped Oakworm moth. Squirrels, chipmunks, deer, opossums, blue jays, woodpeckers, grouse, quail, and turkey eat the nuts.",,,5,7
Caulophyllum thalictroides,Blue Cohosh; Common Blue Cohosh,logo_785x853.jpg,2,2,2,4,1,6,3,3,,Woodland garden. ,,6,7
Ceanothus americanus,New Jersey Tea; Redroot,ceanothus_americanus.jpg,2,4,2,1,2,6,24,6,"Rabbit and deer browse,  turkey and quail eat fruit. Summer azure and mottled duskywing butterflies feed on flowers and buds. Larval host to summer azure, mottled duskwing, and spring azure","Erosion control, shrub borders, shrubby ground cover.",,5,7
Celtis occidentalis,Common Hackberry,celtis_occidentalis.jpg,7,2,3,3,5,6,6,6,"Game birds, Bluebird, Flicker, Cardinal, Mockingbird, Evening Grosbeak, Robin, Cedar Waxwing, Titmouse, Flying Squirrel, Squirrel, Fox Squirrel, Raccoon, Rabbits; larval host to wild cherry sphinx, tawny emporer, hackberry emperor, American snout, question mark, and mourning cloak; many moth caterpillars eat foliage including ruddy dagger moth, thin-lined owlet, and small heterocampa.",,,5,7
Cephalanthus occidentalis,Buttonbush,cephalanthus_occidentalis.jpg,4,4,2,5,2,2,25,6," Mallard, Blue Winged Teal, Wood duck, Beaver. Larval host to 19 species of Lepidoptera. 24 species of birds will eat from the seed heads (and eat the caterpillars it hosts too). Buttonbush also attracts numerous nighttime nectar-feeding insects, including moths, as well as occasional hummingbirds during the day (per Alonso Abugattas).",,"Perfect for a low, wet area though may tolerate dry conditions as well. Pruning is usually unnecessary but may be done in early spring to shape. If plants become too large, may be cut back near to the ground to revitalize.",3,7
Cercis canadensis,Eastern Redbud,cercis_canadensis.jpg,5,2,3,3,5,6,22,6,"Various catepillars, Cardinal, various bees; Henry's elfin butterfly utilizes nectar; bobwhite quail and songbirds consume seeds.",Ornamental understory tree. Commercial spaces.,Showy spring display of lavendar flowers. 15-30 feet. Plant young trees - deep tap roots transplants poorly.,5,6
Chamaecrista fasciculata var. fasciculata,Common Partridge Pea,chamaecrista_fasciculata.jpg,2,4,1,1,1,6,21,4,"Major food for bobwhite and quail throughout winter; also consumed by other pheasants, mallards, and mice; provides cover for waterfowl, other birds, and small mammals; common sulfur butterfly lays eggs on it and caterpillars eat the leaves; larval host to orange sulphur and sleepy orange ",,Showy annual. Self-seeds. May be difficult to find for sale. ,3,7
Chelone glabra,White Turtlehead,chelone_glabra.jpg,2,6,3,5,1,5,18,6,Larval host for Baltimore checkerspot butterfly.  , Border. ,,1,7
Chimaphila maculata,Spotted Wintergreen; Striped Wintergreen;,chimaphila_maculata.jpg,1,3,5,1,1,6,30,6," Black bear, white footed mouse.  ","Woodland garden, ground cover.  ", Evergreen subshrub. Hard to establish. ,5,7
Chimaphila umbellata,Umbellate Wintergreen; Pipsissewa,logo_785x853.jpg,1,4,6,2,1,6,30,6,,, Evergreen subshrub. Hard to establish. May be hard to find for sale. ,6,7
Chionanthus virginicus,Fringe Tree; Old Mans Beard,chionanthus_virginicus.jpg,5,3,3,2,5,6,1,7,Larval host to rustic sphinx moth.,Ornamental understory tree. Commercial spaces.,"One of the last trees to leaf out in the spring. Slow grower. Drooping clusters of delicate, fragrant white blossoms. ",5,6
Chrysogonum virginianum,green and gold,chrysogonum_virginiana.jpg,1,3,3,2,1,6,1,3,,Ground cover.,"Excellent, very short ground cover, spreads well, easily transplanted. Long-blooming yellow flowers. Bright green leaves lighten the shade.",1,7
Chrysopsis mariana,Maryland Golden-aster,chrysopsis_mariana.jpg,2,5,2,1,1,6,20,4,,"Rock gardens, xeriscaping, borders, meadows. Wild gardens.  ",Short lived perennial but reseeds. ,5,7
Claytonia virginica,Virginia Spring Beauty,claytonia_virginica.jpg,1,2,5,2,1,4,13,4, Mice and chipmunks eat the plants. ,Mix in a lawn. ,"Tiny flowers, can form colonies. Plants go dormant after blooming. Spectacular in large patches.",5,7
Clematis virginiana,Virgin-bower,logo_785x853.jpg,5,5,3,5,3,6,25,6,,Fence cover.,"Spreads quickly and will dominate the area. This plant is poisonous and can cause skin irritation if touched. If burned, the smoke is toxic.  May be pruned at any time during the growing season.",6,7
Clitoria mariana,Butterfly Pea; Maryland Butterfly Pea,logo_785x853.jpg,3,4,2,1,1,6,1,4,,,May be hard to find for sale. ,6,7
Conoclinium coelestinium,Mistflower; Ageratum,conoclinium_coelestinum.jpg,2,6,5,3,1,6,4,5,,Border. Ground cover., Very assertive. ,6,7
Coreopsis verticillata,Whorled Coreopsis; Threadleaf Coreopsis,coreopsis_verticillata.jpg,2,3,2,1,1,1,4,3,, Border. , Moonbeam cultivar is sterile (will not self seed) and is very long-blooming. Nice mounded shape when mature. Spreads slowly by rhizomes.,1,7
Cornus amomum,Silky Dogwood,logo_785x853.jpg,4,3,2,5,2,6,1,6,"The Cornus genus is known to host about 118 species of Lepidoptera and over a dozen beetles. The drupes (fruits) are a vital food source for birds and some 98 species are known to eat them, as well as at least 16 mammal species, per Alonso Abugattas.",Commercial spaces.,Tolerates wet conditions.,6,7
Cornus florida,Flowering Dogwood,cornus_florida.jpg,5,2,4,2,5,6,22,3,"Woodpeckers, pheasants, songbirds, squirrel, rabbits, and chipmunks eat various parts; larval host to spring azure.",Ornamental understory tree. Commercial spaces.,"Virginia's state tree. 20 - 50 feet. Blooms in mid spring. More resistant to dogwood anthracnose fungus if planted in open areas, but if planted in full sun, it will need to be watered in extended dry spells.",5,6
Crataegus crus-galli,Cockspur Hawthorn,crataegus_crus_galli.jpg,6,3,2,2,2,6,6,6,"Hawthorns in general: More than 39 bird species have been seen eating the fruits (botanically pomes, but called ""haws"" colloquially), even more eat the more than 168 Lepidoptera species that feed on this genus as caterpillars. ",Hedge. Winter interest.,"20-35 feet. Flowering tree, long-lasting fruits. Horizontal thorny branches sweep the ground. Diseases can be problematic with hawthorns.",5,7
Decumaria barbara,Climbing Hydrangea; Woodvamp,decumaria_barbara.jpg,5,4,5,4,3,6,13,1,,ground cover. Cover for ledges and rock outcroppings. ,Evergreen. Will only bloom when climbing and on new wood. Deer resistant.,5,7
Dicentra cucullaria,Dutchmans Breeches,dicentra_cucullaria.jpg,2,2,5,4,1,6,13,7,, Woodland garden. ,Goes dormant after blooming.,5,3
Dicentra eximia,Wild Bleeding Heart,dicentra_eximia.jpg,2,3,5,5,1,1,3,3, Woodland garden.,Border.,May re-bloom throughout the summer. Naturalizes by reseeding when happy. Dislikes wet soils in winter and dry soils in summer. ,1,3
Dichanthelium clandestinum,Deer-Tongue Grass,dichanthelium_clandestinum.jpg,2,4,2,3,6,6,23,6,,,,5,7
Diospyros virginiana,Common or American Persimmon,diospyros_virginiana.jpg,6,3,4,5,5,3,22,5,"Fruit, leaves, buds are eaten by many birds and mammals including squirrels, foxes, opossums, and raccoons.  Forty-six different species of caterpillars have been documented feeding on them.",Edible fruit.,15 - 100 feet. Fruit is not edible until made very mushy by being exposed to frost or consistent low temperatures.,5,6
Dryopteris carthusiana,Spinulose Wood Fern,logo_785x853.jpg,2,1,5,2,4,6,5,3,,Evergreen. Clumping.,,6,7
Dryopteris intermedia,Evergreen Wood Fern; Intermediate Wood Fern,logo_785x853.jpg,2,1,5,3,4,6,30,3,,Evergreen. Clumping.,,6,7
Dryopteris marginalis,Marginal Wood Fern; Evergreen Shield Fern,logo_785x853.jpg,2,1,5,2,4,6,30,6,Provides cover for toads and lizards,Evergreen. Clumping.,,6,3
Elymus hystrix,Bottlebrush Grass,elymus_hystrix.jpg,2,6,3,5,6,6,22,3,,,,6,7
Elymus virginicus,Virginia Wild Rye,elymus_virginicus.jpg,3,4,5,2,6,6,17,6,,,,5,7
Equisetum hyemale,Tall Scouring Rush; Scouring Horestail,equisetum_hyemale.jpg,2,1,3,6,1,6,4,6,"Provides cover for wetland birds, small mammals, reptiles, amphibians, etc. ", Pond or border. Strong vertical accent., Spreads underground aggressively. Good for containers. Highly resistant to deer.,1,7
Eragrostis spectabilis,Purple Love Grass,eragrostis_spectabilis.jpg,1,5,1,4,6,2,23,4,,Edging.,"When grown en masse, this delicate grass creates a lovely purple cloud-like haze in late summer. In the late fall, the stems of the flowers fall and blow in the wind, like a tumble grass. Drought tolerant. ",1,7
Erigeron pulchellis,Robins Plantain,logo_785x853.jpg,1,3,4,2,1,6,14,7,,,,6,7
Eubotrys racemosus,Fetterbush; Swamp Dog Hobble,eubotrys_racemosa.jpg,4,3,5,5,2,6,30,6,,Naturalizing. Border with taller plants. Shady streambank stabilization.,"In full sun, Fetterbush has purplish foliage in the fall. Protect from winter wind. ",5,7
Euonymus americanus,Strawberry-bush; heart-a-bustin,logo_785x853.jpg,3,3,3,5,2,5,1,6,Turkey and songbirds occasionally eat seeds. Hosts 11 species of Lepidoptera.,A beautiful alternative to the invasive Burning Bush.,"Very shade tolerant, prefers moist conditions. A favorite of deer. Versatile, carefree shrub that is remarkably free of any disease or insect problem.",6,7
Eupatorium hyssopifolium,Hyssop-leaved Thoroughwort,logo_785x853.jpg,2,5,2,2,1,6,17,4,," Rain garden, meadow, winter interest.",,6,7
Eupatorium perfoliatum,Boneset; Common Boneset,eupatorium_perfoliatum.jpg,3,6,3,5,1,6,20,6,Swamp sparrow eats seeds.  ," Border, meadow.  ", Self-seeds.  ,5,7
Eurybia divaricata,White Wood Aster,eurybia_divaricata.jpg,2,6,6,2,1,6,13,6,,Wood's edge or woodland garden.  , Very shade tolerant. Spreads aggressively. Lovely in masses.,1,3
Euthamia graminifolia,Flat-top Goldenrod,euthamia_graminifolia.jpg,2,5,1,4,1,6,21,1,"Goldfinch, swamp sparrow, and rabbits eat seeds.  ",,"Drought tolerant, but may spread aggressively in moist sunny places.  ",5,7
Eutrochium dubium,Joe-pye-weed (Little Joe),eutrochium_dubium.jpg,3,5,2,5,1,6,14,1," Huge magnet for butterflies, bees, and beetles  ",This is a shorter species of Joe-Pye more suitable for most gardens. ,"Flower heads do not rebloom, so leave spent flowers in place to go to seed.",1,4
Eutrochium fistulosum,Joe-pye-weed,eutrochium_fistulosum.jpg,3,5,3,5,1,3,11,5,,"Border, pollinator garden. ","They are best used as a background plant. Cut back sharply around July 4th
or when they get a couple of feet tall to keep them bushier and increase blooms. Tolerates light shade.   ",6,7
Fagus grandifolia,American Beech,fagus_grandifolia.jpg,7,2,3,4,5,6,5,7,"Ruffed grouse, raccoon, squirrel, deer, opposum,food plant for several species of butterfly larva, fox;  larval host to early hairstreak butterfly.",Specimen. Commercial spaces.,,5,6
Fragaria virginiana,Wild Strawberry,fragraria_virginica.jpg,1,3,4,2,1,4,14,6,"Larval host to grizzled skipper and gray hairstreak (and 81 total species of Lepidoptera); fruit eaten by opossum, skunk, chipmunk, mice, box turtles, and wood turtles; foliage eaten by squirrels, groundhog, and voles ", Groundcover. Erosion control. ,,6,7
Gaultheria procumbens,Wintergreen; Teaberry,gaultheria_procumbens.jpg,2,4,5,1,2,6,1,7,"Chipmunks, grouse, turkeys, bobwhite, black bear, squirrels, red fox, mice, and birds eat wintergreen.","Shady ground cover, woodland gardens, foundation plantings. Four season interest.","Evergreen. Oblong leathery leaves have a distinct wintergreen scent when crushed.  Lovely winter color. Low-growing habit and creeping underground stems form small colonies. Bright-red, showy berries that persist through winter.",5,7
Gaylussacia baccata,Black Huckleberry,gaylussacia_baccata.jpg,2,3,5,3,2,6,20,6,"Bears. Raccoons, various songbirds, Grouse. Provides protective cover for small animals.",Low thicket.,Self fruiting but more productive if there are two or more.,5,7
Gelsemium sempervirens,Yellow Jessamine,gelsemium_sempervirens.jpg,5,2,2,2,3,2,26,6,,Evergreen.,"Needs a trellis. Heat and cold tolerant. Will climb trees, scramble over fences and structures, or develop a mound of tangled stems if left to its own devices. ",5,7
Gentiana clausa,Bottle Gentian; Closed Gentian,gentiana_clausa.jpg,2,5,4,5,1,6,3,3,,,Slow-growing but long-lived. Great blue color.  ,1,7
Geranium maculatum,Wild Geranium; Spotted geranium,geranium_maculata.jpg,2,2,2,2,1,4,20,3,"Host to 21 species of Lepidoptera. Mourning Dove, Bobwhite Quail, chipmunk.  ", Border. Possibly a groundcover.  ,"Spreads by rhizomes to form colonies.  Long bloom, mid to late spring. Needs moisture if sited in full sun.",7,6
Goodyera pubescens,Downy Rattlesnake-plantain,goodyera_pubescens.jpg,1,5,4,2,1,6,19,6," Ruffed Grouse, Rabbit, Cardinal ",Woodland garden  ,,5,7
Hamamelis virginiana,Witch Hazel,hamamelis_virginiana.jpg,5,7,3,4,2,4,1,6,Birds and small mammals eat the fruits (small brown capsules). Browsed by beavers. Sixty-three species of caterpillars have been found to feed on it. ,Fall and winter interest.,Brilliant yellow fall foliage followed by fragrant yellow flowers in November. ,1,7
Helenium autumnale,Common Sneezeweed,helenium_autumnale.jpg,3,6,3,4,1,6,14,6,,Rain garden  ,,5,7
Helianthus angustifolius,Narrow-leaved Sunflower,logo_785x853.jpg,3,6,4,5,1,5,13,7,,Backdrop to other perennials. Bogs. Ponds.,Long fall bloom time.,6,4
Helianthus divaricatus,Woodland Sunflower; Spreading Sunflower,helianthus_divaricatus.jpg,3,5,4,2,1,6,21,4," Bobwhite, Goldfinch, mourning dove, and tufted titmouse eat seeds; squirrels, voles, and mice also eat seeds; cottontails browse foliage; also provide ground cover for small animals. ",Woodland garden.  , Long bloomer. May be too aggressive in a small garden.  ,5,7
Helianthus tuberosus,Jerusalem Artichoke,logo_785x853.jpg,4,6,1,2,1,6,14,6,,,Tends to flop.,6,7
Heliopsis helianthoides,Oxeye; Smooth Oxeye; Oxeye Sunflower,heliopsis_helianthoides.jpg,3,5,2,2,1,6,25,7,Ground nesting bee (Holcopasites heliopis) is a specialist.  ,,"Self-seeding can be avoided by only buying one plant, as they are self-sterile. Plant stems may be cut back by 1/3 to 1/2 in late May to reduce overall plant height.",5,7
Hepatica nobilis v. obtusa,Round-lobed Hepatica,hepatica_nobilis.jpg,1,2,5,2,1,6,3,7,,"Woodland garden, shady rock garden.  ",,1,7
Heuchera americana,American Alumroot,heuchera_americana.jpg,2,3,5,1,1,1,3,7,,"Ground cover, rock garden, shade border.",Blooms mid to late spring. Interesting foliage.,1,7
Hexastylis virginica,Wild Ginger; Virginia Heartleaf,logo_785x853.jpg,1,2,6,4,1,6,30,3,, Woodland garden.  ,,6,7
Hibiscus moscheutos,Swamp or Eastern Rose-mallow,hibiscus_moscheutos.jpg,3,4,2,5,1,1,28,6,Rose Mallow bee is specialist of Hibiscus species. , Rain garden.  ,Attracts Japanese beetles. Clumps start to grow late in the season and flower over a long period in late summer. Easily grown from seed. Seeds are ready to collect when they are dark brown.,5,7
Houstonia caerulea,Common Bluets; Azur Bluets; Quaker Ladies,houstonia_caerulea.jpg,1,3,2,4,1,6,21,1,"Juncos, Meadow Fritillary, Houstonia spp. are hosts for Spotted Thyris moths.  ",,Tiny flowers in mid spring - plant in mass.  ,5,7
Hydrangea arborescens,Wild Hydrangea; Smooth Hydrangea,hydrangea_arborescens.jpg,3,4,5,4,2,6,15,7,Larval host to Hydrangea sphinx (Darapsa versicolor).,Shade garden. Commercial spaces. Erosion control. Foundation plantings.,"Spreads freely by suckers. Fast-growing and short-lived, this hydrangea is often treated as a perennial and cut to the ground every winter. Very effective in mass plantins. Can grow in areas of poor drainage.",1,7
Hypericum prolificum,Shrubby St. Johns Wort,hypericum_prolificum.jpg,3,4,5,2,2,6,3,6,Larval host to 20 species of Lepidoptera.,Commercial spaces. Erosion control.,"A very adaptable shrub, taking partial shade and tolerant of different soil conditions.",5,7
Ilex decidua,Deciduous Holly; Possum-haw,ilex_decidua.jpg,5,3,2,4,2,6,19,6,"Opossums, raccoons, other mammals, songbirds, and gamebirds eat the fruit.","Hedge, rain garden.",,5,7
Ilex opaca,American Holly,ilex_opaca.jpg,6,3,3,2,5,1,15,5,"In late winter, many kinds of songbirds, game birds, mammals, and eastern box turtle eat the bitter berries of this slow-growing but long-lived tree. Larval host to Henrys Elfin butterfly and a total of 39 species of Lepidoptera.",Evergreen. Specimen. Commercial spaces. Winter interest. Tall hedge.,15-40 feet. Female trees have the berries; a male tree must be within 200 feet. ,1,6
Ilex verticillata,Winterberry; Winterberry Holly; Black Alder,ilex_verticillata.jpg,3,3,3,5,2,3,15,6,Larval host to Henrys Elfin butterfly.,Winter interest. Commercial spaces. Specimen. Hedge.,Gorgeous red berries are persistent until late winter.,1,7
Impatiens capensis,Orange Jewelweed; Spotted Jewelweed,impatiens_capensis.jpg,2,4,5,5,1,6,11,6,"Grouse, bobwite quail, ruby throat hummingbird, white footed Mouse.  ", Wood edge. Rain garden.  , Self-seeding annual. May be difficult to find for sale. ,1,7
Iris cristata,Dwarf Crested Iris,iris_cristata.jpg,1,2,5,4,1,2,8,7,,Short border. Erosion control. ,Spreads politely.,1,7
Iris virginica,Virginia Blueflag; Southern Blueflag,logo_785x853.jpg,2,3,2,6,1,6,13,5,,Pond edges. Lily pools. Drainage ditches.,"This conspicuous, showy iris is highly deer resistant.",6,7
Itea virginica,Virginia Willow; Virginia Sweetspire,itea_virginica.jpg,4,3,2,5,2,4,1,6,Favorite midsummer flower for bees.,"Spring flowers, fall color. Semi-formal plantings (or formal if pruned). Hedges. Commercial spaces. Erosion control. Mass plantings. Containers. ",There are cultivars in smaller sizes. Superstar in full sun wetter areas; grows well in part shade drier areas.,1,4
Jeffersonia diphylla,Twinleaf,jeffersonia_diphylla.jpg,1,2,5,4,1,6,30,3,, Woodland garden.  ,Interesting leaves.,1,7
Juncus effusus,Common Rush; Soft Rush,juncus_effusus.jpg,2,4,2,5,6,6,1,6,,,"The soft, grass-like stems of Common Rush, a strictly wetland plant, grow in clumps and provide very good shoreline protection.",5,7
Juniperus virginiana,Eastern Red Cedar,juniperus_virginiana.jpg,6,1,1,2,5,2,16,6,"Nesting habitat and food source for over 54 species of backyard birds including the cedar waxwing, which was named for this tree; important winter food source for pheasants and deer; many birds nest in the trees and many mammals eat or use it for shelter; larval host to the olive butterfly and a total of 42 species of Lepidoptera.",Evergreen. Specimen. Commercial spaces. Screen. Wind break.,"30-60 feet. Do not plant near apple trees, which share a common disease. Resistant to extremes of drought, heat, and cold. ",1,6
Kalmia latifolia,Mountain Laurel,kalmia-latifolia.jpg,4,3,5,3,2,3,13,6,"The stamens of the flowers have an odd, springlike mechanism which spreads pollen when tripped by a bee. Ruffed grouse, Whitetail Deer. Larval host to larval sphinx (Sphinx kalmiae).",Evergreen.,"Not always easy to establish, needs afternoon shade. Prune lightly after bloom to encourage a bushier shape. ",1,7
Lespedeza procumbens,Trailing Bush-clover,logo_785x853.jpg,1,5,3,2,1,6,1,6,"Ruffed Grouse, Mourning Dove, bobwhite Quail,Wild Turkey, Junco; rabbits; southern cloudywing, northern cloudywing, hoary edge butterflies feed on foliage.  ",,,6,7
Lespedeza virginica,Slender Lespedeza; Slender Bush-clover,logo_785x853.jpg,2,5,5,1,1,6,21,4," Ruffed Grouse, Mourning dove, bobwhite Quail,Wild Turkey, Junco.  ",,May be difficult to find for sale.,6,7
Liatris spicata,Dense Blazing Star; Gayfeather; Blazing Star,liatris_spicata.jpg,2,5,1,4,1,1,25,3,"Big butterfly magnet. Groundhogs and rabbits favor younger plants, deer are more likely to browse on mature plants, the corms are eaten by the Prairie Vole and Meadow Vole  ",Border. Pollinator garden.  ,,1,6
Lilium canadense,Canada Lily,logo_785x853.jpg,2,3,2,5,1,6,13,3," Great spangled fritillary and various swallowtails; deers, rabbits, voles, and chipmunks will browse  ",,,6,7
Lilium superbum,Turks-cap lily,lilium_superbum.jpg,4,5,1,4,1,5,24,7, Attracts eastern tiger swallowtail butterfly.  ,Tall borders. Pollinator garden.  ,Mid summer bloom. Larges and most spectacular of the native lilies of our region. Up to 40 flowers on a single plant. Slow-growing.,1,7
Lindera benzoin,Spicebush,lindera_benzoin.jpg,4,2,3,4,2,4,6,7,"A larval host for the eastern tiger swallowtail and spicebush swallowtail butterflies and 10 other species of Lepidoptera. Wood Thrush, Quail, Catbird, Crested flycatcher, Kingbird,  Robin, Thrush, Vireo. Berries are  a favorite food source for 17 species of migrating birds.",Commercial spaces.,You need both male and female plants to produce berries. Fruit and foliage are aromatic.,1,7
Liquidambar styraciflua,Sweetgum,liquidambar_styraciflua.jpg,7,3,2,5,5,6,6,6,"Seeds eaten by birds, squirrels, and chipmunks.",Shade tree.,Fruit litter problematic on sidewalks. Needs a lot of room.,4,6
Liriodendron tulipifera,Tulip-tree; Tulip-poplar; Yellow Poplar,liriodendronz-tulipifera.jpg,7,3,1,4,5,6,8,7,"Ruffed Grouse, Purple Finch,  Hummingbirds, Squirrels; larval host to eastern tiger swallowtail and tuliptree silkmoth (and a total of 21 species of Leipidoptera).",Shade tree.,"Fast growing, very tall. Member of the magnolia family.",6,6
Lobelia cardinalis,Cardinal Flower,lobelia_cardinalis.jpg,3,5,3,5,1,3,28,5," Depends on hummingbirds, which feed on the nectar, for pollination. "," Border, rain garden.  ",Short-lived but reseeds. Not drought-tolerant.,2,7
Lobelia siphilitica,Great Blue Lobelia,lobelia_siphilitica.jpg,2,5,3,5,1,3,8,6,, Border.  Woodland garden. ,Not drought tolerant. Attracts beneficial insects that eat garden pests.,1,7
Lonicera sempervirens,Trumpet Honeysuckle; Coral Honeysuckle,lonicera_sempervirens.jpg,5,3,2,4,3,1,24,6,"Fruits attract purple finch, goldfinch, hermit thrush, and American robin. Frequently visited by humminbirds and butterflies. Larval host for spring azure (Celastrina ladon), the day-flying snowberry clearwing moth (Hemaris diffinis), the great tiger moth (Arctia caja) and the Harris three-spot moth (Harrisimemna trisignata)",Evergreen. Arbors.,"Deer resistant. Long bloom, spring to summer. Great for arbors.",2,7
Lupinus perennis,Sundial Lupine; Lupine;,logo_785x853.jpg,2,3,1,4,1,6,22,4,Birds and small mammals eat seeds; larval host to Frosted Elfin and Elf butterflies  ,,Enhances soil fertility via nitrogen fixation.,6,7
Magnolia virginiana,Sweetbay Magnolia; Swamp Magnolia,magnolia_virginiana.jpg,5,3,5,5,5,4,29,6,"Yellow bellied Sapsucker, Towhee, Vireo, hummingbirds, White Footed Mouse, beetles; host plant for tiger swallowtail butterfly, palamedes swallowtail, spicebush swallowtail, and  sweetbay silkmoth.",Semi-evergreen. Commercial spaces. Foundations.,Fragrant flowers.,5,7
Maianthemum canadense,Canada Mayflower; False Lily-of-the-valley,maianthemum_canadense.jpg,1,3,5,4,1,6,19,6,"Flowers are cross-pollinated by small bees, flies, and beetles; berries are eaten by the Ruffed Grouse, White-Footed Mouse, and Eastern Chipmunk ", Woodland garden.  ,,6,7
Maianthemum racemosum,Eastern Solomons-plume; False Solomons-seal,maianthemum_racemosum.jpg,2,2,5,4,1,4,1,6," Birds are attracted to the berries, which last through late sumer and into the fall.  ", Woodland garden. Taller ground cover. ,A beautiful choice for home landscaping in lightly shaded settings. It spreads politely by rhizomes.,6,7
Matteuccia struthiopteis,Ostrich fern,matteuccia_struthiopteris.jpg,2,1,5,5,4,1,30,7,Provide substantial protective cover to various kinds of wildlife.,,,6,7
Medeola virginiana,Indian Cucumber-root; Indian Cucumber,logo_785x853.jpg,2,3,2,4,1,6,30,7,Mice eat seeds and berries.  , Woodland garden.,,5,7
Mertensia virginica,Virginia Bluebell; Virginia Cowslip,mertensia_virginica.jpg,2,2,5,4,1,2,11,5,Pollinated by long-tongued bees. Provides cover to many kinds of wildlife.  ,Short border. Rain garden.  ,1 - 2 feet. Foliage dies back in summer - interplant with other perennials. Reseeds freely. Spectacular in masses.,1,3
Micranthes virginiensis (Saxifraga v.),Early Saxifrage,logo_785x853.jpg,1,2,3,2,1,6,30,1,,,,6,7
Mimulus ringens,Square-stemmed Monkeyflower; Allegheny Monkeyflower,logo_785x853.jpg,2,4,2,6,1,6,15,3,Larval host to common buckeye and Baltimore checkerspots.,,,6,7
Mitchella repens,Partridge-berry,mitchella_repens.jpg,1,4,5,2,1,2,1,7,Berries are consumed by a variety of birds and mammals.  , Extremely short (under 2 inches) groundcover under acid-loving shrubs. Evergreen. Terrarium.  ,Slow to get established. Keep leaves and mulch from smothering the tiny plants.  ,5,7
Monarda didyma,Scarlet Beebalm; Oswego Tea,monarda_didyma.jpg,3,4,2,5,1,2,11,3,Great for hummingbirds.  , Border. Pollinator garden.  ,They bloom best in full sun. Cutting spent blooms to side buds prolongs blooming but they do not usually re-bloom. You can cut stems down to 4-5 inches of the ground once they are done flowering to promote healthier mounds of plants. Spread enthusiastically by underground rhizomes but easy to pull up.  ,5,2
Monarda fistulosa,Wild Bergamot,monarda_fistulosum.jpg,3,5,2,2,1,6,28,5,Great for hummingbirds.  , Border. Pollinator garden.Erosion control.  ,"They bloom best in full sun, a fairly long summer bloom. Cutting spent blooms to side buds prolongs blooming but they do not usually re-bloom. You can cut stems down to 4-5 inches of the ground once they are done flowering to promote healthier mounds of plants. Spread enthusiastically by underground rhizomes but easy to pull up.  ",1,7
Morella cerifera,Wax Myrtle; Southen Bayberry,morella_cerifera.jpg,4,8,2,3,5,6,1,6,Berries eaten by many species of birds; larval host to banded hairstreak and red-banded hairstreak butterfly.,Tolerates city conditions (and some salt). Evergreen. Commercial spaces. Screening.,"You need both male and female trees to get fruit. Leaves are aromatic, with an appealing, piquant fragrance when crushed. ",1,7
Nuttallanthus canadensis ( Linaria c.),Blue Toadflax; Canada Toadflax; Oldfield Toadflax,logo_785x853.jpg,1,3,2,2,1,6,13,7,,,,6,7
Nyssa sylvatica,Sour Gum; Black Gum,nyssa_sylvatica.jpg,6,3,3,2,5,6,19,7,"Fruits eaten by 86 species of birds; bears and foxes will eat fruit, while deer and beaver eat twigs and foliage; also provides good cavity nest sites. Hosts 26 species of Lepidoptera.",Shade tree. Beautiful fall color.,One of the first plants to color in the fall.,5,6
Oenothera fruticosa,Narrow-leaf Sundrops; Southern Sundrops,oenothera_fruticosa.jpg,2,3,1,4,1,3,11,6,,Border. ,Spreads nicely under favorable conditions.,1,7
Onoclea sensibilis,Sensitive Fern; Bead Fern,onoclea_sensibilis.jpg,2,1,3,5,4,6,5,6,Shelters salamanders and frogs.,Spreading. Erosion control.,,1,7
Opuntia humifusa,Eastern Prickly-pear,opuntia_humifusa.jpg,1,4,1,2,1,2,15,7,Host to 5 species of Lepidoptera. :arvae of several moths feed on the pads , Specimen. Rock gardens.,"A striking plant with beautiful, showy flowers. Blooms from late spring to mid-summer and lasts about a month for a colony of plants, although each flower lasts only a single day. It is faster and easier to start new plants using pads rather than seeds. ",3,7
Osmorhiza claytonii,Sweet Cicely {or O. longistylis},osmorhiza_claytonii.jpg,2,2,6,3,1,6,13,1,,,Spring bloom.,6,7
Osmunda claytoniana,Interrupted Fern,logo_785x853.jpg,2,1,5,4,4,6,5,5,Caterpillars of the Osmunda Borer Moth feed on the fern; provides cover for ground-nesting birds and other animals.,,,6,7
Osmunda spectabilis var. spectabilis,Royal Fern,osmunda_spectabilis.jpg,2,1,3,5,4,6,5,6,"Hosts six species of native caterpillars, including the Osmunda Borer moth.","Unique foliage, tall. Ground cover.",,5,7
Osmundastrum cinnamomeum,Cinnamon Fern,osmundastrum_cinnamomeum.jpg,3,1,3,6,4,2,1,5,The fuzz that covers the young fiddleheads is a favorite nesting material for birds.,Wet areas. Clumping. Accent plant.,3-4 feet.,1,7
Oxalis violacea,Violet Wood-sorrel,logo_785x853.jpg,1,3,5,2,1,6,19,3,,,,6,7
Packera aurea,Golden Ragwort; Heartleaf Ragwort,packera_aurea.jpg,1,2,3,2,1,2,13,3,Larval host for 18 species of Lepidoptera. ,Groundcover. Semi-evergreen. Erosion control. ,"Re-seeds easily, energetic spreader.",5,7
Panicum virgatum,Switchgrass,panicum_virgatum.jpg,3,5,2,3,6,6,6,6,,Garden accent. ,"Clump-forming, warm-season grass, turnign bright yellow in fall. ",1,7
Parathelypteris noveboracensis,New York fern,logo_785x853.jpg,2,1,2,3,4,6,30,6,Provides shelter for toads.,Spreading.,,6,7
Passiflora incarnata,Purple Passionflower; Maypop,passiflora_incarnata.jpg,5,4,1,2,3,6,5,6,"Larval Host to Gulf Fritillary, Zebra Longwing, Crimson-patch longwing, Red-banded hairstreak, Julia butterfly, Mexican butterfly. Wild turkey.","Edible fruit. Arbors, fences, walls, columns.","Spreads aggressively, can get into the lawn, though easily contained by removing the suckers or mowing. Needs a trellis.",5,7
Passiflora lutea,Yellow Passionflower,logo_785x853.jpg,5,4,4,4,3,6,16,7,"Larval Host to Julia, Mexican & Gulf fritillaries butterflies, Zebra & Crimson-patch.",,Spreads but less aggressively than Purple Passionflower.,6,7
Peltandra virginica,Arrow Arum; Green Arrow Arum; Tuckahoe,logo_785x853.jpg,2,2,4,6,1,1,30,5,"Preferred food of wood ducks, and is also eaten by muskrats and rails; snapping turtle and painted turtle may eat some of the foliage. The berries of arrow arum attracts wood ducs and king rails. ",Ponds. ,,6,7
Penstemon digitalis,Beardtongue; Tall or White Foxglove,penstemon_digitalis.jpg,2,3,2,2,1,6,10,6,, Borders. Pollinator garden.  ,,1,7
Phlox divaricata,Wild Blue Phlox; Woodland Phlox,phlox_divaricata.jpg,2,3,5,2,1,2,12,6,"Long-tongued bees. Flowers attract butterflies, including swallowtails, gray hairstreaks, and western pygmy blues, and skippers and moths. Roots consumed by rabbits and voles. ",Spring color. Ground cover. Erosion control. ,Often fragrant.,1,3
Phlox maculata,Meadow Phlox; Wild Sweet William,phlox_maculata.jpg,2,6,3,5,1,6,30,5,,Ground cover.,,5,7
Phlox paniculata,Fall Phlox; Garden Phlox,phlox_paniculata.jpg,3,4,2,4,1,6,18,3,,Tall borders.  ,Re-seeds politely. Long summer blooms. Needs at least 5 hours of sun to prevent powdery mildew (although that is not objectionable). The white  David cultivar is mildew-resistant.,1,7
Phlox subulata,Moss Phlox; Moss Pink,phlox_subulata.jpg,1,2,1,1,1,6,13,6,,Spring color. Ground cover. Erosion control. Rock garden. ,,5,3
Physocarpus opulifolius,Ninebark,physocarpus_opulifolium.jpg,4,3,3,5,2,1,14,5,,Winter interest. Subsitute for Spiraea japonica or Barberry. Erosion control. Hedges. Commercial spaces.,"Grows quickly in harsh conditions, ideal for erosion control on stream banks. Disease resistant and drought tolerant. ",1,3
Physostegia virginiana,Obedient Plant (pink); Northern Obedient-plant; Fall Obedient-plant,physostegia-virginiana.jpg,2,6,2,2,1,6,11,6,,Border.,"Spreads sideways very quickly, though easy to control. Long blooming.",5,3
Pinus echinata,Shortleaf Pine,pinus_echinata.jpg,7,1,1,2,5,6,23,6,Provides cover and nesting sites and seeds for small mammals and birds. Attracts butterflies; larval host to elfin butterfly.,Evergreen. Shade tree.,,5,6
Pinus rigida,Pitch Pine,pinus_rigida.jpg,7,1,1,1,5,6,1,7,,,,5,6
Pinus taeda,Loblolly Pine,pinus_taeda.jpg,7,1,1,3,5,6,23,6,Provides cover and nesting sites and seeds for small mammals and birds. Attracts butterflies; larval host to Elfin butterfly.,Evergreen. Shade tree.,"Among the fastest-growing southern pines, Loblolly will respond well to extra moisture and richer soils. A pioneer species along river bottoms.",5,7
Pinus virginiana,Virginia Pine; Scrub Pine,pinus_virginiana.jpg,7,1,1,2,5,6,1,6,Larval host to the Eastern Pine Elfin butterfly. Seeds are an important wildlife food.,,"Hardier than most pines and suitable for planting in poor, dry sites. It dislikes shallow, chalky soils and is not tolerant of over-topping by other trees.",5,7
Podophyllum peltatum,Mayapple,podophyllum_peltatum.jpg,2,2,3,2,1,4,3,3,"New colonies are started by box turtles, which consume the yellow fruit and spread the seed.",Woodland garden.,.5 - 1.5 feet. Ephemeral: the foliage dies back in summer. Spreads by roots.,5,7
Polemonium reptans,Spreading Jacobs Ladder; Greek Valerian,polemonium_reptans.jpg,2,2,5,4,1,6,14,7,,Woodland garden.,.5 - 1.5 feet,5,7
Polygonatum biflorum,Solomons seal,polygonatum_biflorum.jpg,2,2,5,2,1,6,1,3,"Mourning dove, Veery.",Woodland garden.,,1,7
Polystichum acrostichoides,Christmas Fern,polystichum_acrostichoides.jpg,2,1,5,4,4,1,1,7,,Evergreen. Clumping. Erosion control. ,,1,7
Prunus americana,American Wild Plum,prunus_americana.jpg,5,2,2,2,5,6,15,7,Grey and Red Fox.,"Hedge, specimen. Commercial spaces.",Thorns. Edible fruit.,5,6
Prunus angustifolia,Chickasaw Plum,logo_785x853.jpg,5,2,2,1,5,6,17,7,,Hedge. Commercial spaces.,Thorns. Edible fruit.,6,7
Pteridium aquilinum,Bracken Fern,pteridium_aquilinum.jpg,2,1,2,3,4,6,5,6,,,,5,7
Pycnanthemum incanum,Hoary Mountain Mint,logo_785x853.jpg,2,4,6,1,1,3,20,6,This mint is a particular bee magnet.,Pollinator garden.,Spreads sideways vigorously. Some people plant them near walkways to control spreading but also so that bumping into them releases their minty scent. ,6,7
Pycnanthemum tenuifolium,Narrow-leaf or Slender Mountain-mint,pycnanthemum_tenuifolium.jpg,2,4,2,3,1,6,11,4,,Pollinator garden. Erosion control.,Spreads sideways vigorously. Some people plant them near walkways to control spreading but also so that bumping into them releases their minty scent. Silvery foliage and long blooming period. Attracts benefical insects that control pests.,1,7
Quercus alba,White Oak,quercus_alba.jpg,7,3,2,2,5,3,6,7,One of the most important species in the white oak group. Acorns are an important food soruce for a wide variety of mammals and birds. Supports hundreds of species of caterpillars.,"Shade tree, commercial spaces",Slow-growing but can live up to 600 years. Good yard tree with few disease or pest problems.,1,6
Quercus bicolor,Swamp White Oak,quercus_bicolor.jpg,7,2,2,3,5,6,6,6,,"Shade tree, commercial spaces",,4,6
Quercus coccinea,Scarlet Oak,quercus_coccinea.jpg,7,2,1,2,5,6,6,7,,"Shade tree, street tree.",Grows rapidly.,4,6
Quercus falcata,Southern Red Oak; Spanish Oak,quercus_falcata.jpg,7,2,1,2,5,6,6,6,,"Shade tree, commercial spaces",Relatively fast growing for an oak.,5,6
Quercus marilandica,Blackjack Oak,quercus_marilandica.jpg,6,3,2,1,5,6,6,7,,,,5,7
Quercus michauxii,Swamp Chestnut Oak; Basket Oak,quercus_michauxii.jpg,7,2,1,5,5,6,6,3,,"Shade tree, commercial spaces",,5,7
Quercus montana (Quercus prinus),Chestnut Oak; Rock Chestnut Oak,logo_785x853.jpg,7,2,1,2,5,6,6,5,,"Shade tree, commercial spaces",,6,6
Quercus muehlenbergii,Chinquapin Oak; Chinkapin Oak; Yellow Oak,logo_785x853.jpg,6,2,1,2,5,6,6,3,,,,6,6
Quercus palustris,Pin Oak,quercus_palustris.jpg,7,2,1,5,5,6,5,5,,"Shade tree, commercial spaces",,5,6
Quercus phellos,Willow Oak,quercus_phellos.jpg,7,2,2,5,5,6,5,5,,"Shade tree, commercial spaces","Tolerates flood plains (though it prefers well-drained soil), grows quickly, and is easily transplanted when young.",5,7
Quercus rubra,Northern Red Oak,quercus_rubra.jpg,7,3,2,2,5,6,5,5,,"Shade tree, commercial spaces",,4,6
Quercus stellata,Post Oak,quercus_stellata.jpg,6,2,2,1,5,6,5,6,,"Shade tree, commercial spaces",,5,6
Quercus velutina,Black Oak,quercus_velutina.jpg,7,2,1,2,5,6,5,6,,,,5,6
Rhexia virginica,Virginia Meadow Beauty; Deergrass,rhexia_virginica.jpg,2,4,1,6,1,6,15,3,,,,5,7
Rhododendron maximum,Great Rhododendron,rhododendron_maximum.jpg,5,4,5,5,2,6,19,3,,Evergreen.,,5,7
Rhododendron periclymenoides,Wild Azalea; Pinxter; or Pinxterbloom Azalea,rhododendron_periclymenoides.jpg,4,3,2,2,2,3,1,3,,,"Especially showy flowers.Relatively tolerant of dry sites, and needs good drainage. ",5,7
Rhododendron viscosum,Swamp Azalea; Clammy Azalea,swamp_azalea.jpg,4,3,2,5,2,6,1,6,,,"Beautiful, fragrant flowers. ",5,7
Rhus aromatica,Fragrant sumac,rhus_aromatica.jpg,4,2,2,1,2,6,21,7,"98 different bird species have been seen eating the fruits and even more birds feeding on the 58 or so Lepidoptera species that use the Rhus genus as caterpillar host plants, per Alonso Abugattas.",Commercial spaces. Erosion control. Fall color.,Can handle very hot and poor soils.. The Gro-Low cultivar can server as ground cover.,1,5
Rhus copallinum,Winged Sumac; Shining Sumac; Flameleaf Sumac,rhus_copallinum.jpg,5,4,2,1,2,6,19,6,,Fall color.,Spreads slowly.,1,6
Rhus glabra,Smooth Sumac,rhus_glabra.jpg,4,3,1,2,2,6,21,7,,Commercial spaces.,Fast spreading and may not be suitable for garden settings. ,5,6
Rosa carolina,Carolina Rose; Pasture Rose,rosa_carolina.jpg,3,3,2,2,2,4,19,6," A plant that native bees nest beneath, within, or harvest parts from to construct their nests.",,"Although one of the most shade-tolerant roses, it grows best in open, sunny locations. Naturally disease resistant. ",5,6
Rosa palustris,Swamp Rose,rosa-palustris.jpg,4,3,3,5,2,6,19,5,,,"A good selection for wet soils. Flowers are followed by pea-sized red hips, and leaves turn shades of red in fall.",3,7
Rudbeckia fulgida,Orange Coneflower,rudbeckia_fulgida.jpg,2,5,2,2,1,2,19,3,,,Summer bloom.,1,3
Rudbeckia hirta,Black-eyed Susan,rudbeckia_hirta.jpg,2,5,1,4,1,6,23,1,"Birds, especially goldfinches and chickadees, enjoy the ripe seeds. ",,Blooms June to October. Reseeds and establishes clumps.,5,6
Rudbeckia laciniata,Cut-leaf Coneflower; Common Cut-leaf Coneflower; Green-headed Coneflower,logo_785x853.jpg,3,4,2,5,1,6,10,6,"Birds, especially goldfinches and chickadees, enjoy the ripe seeds. ",Border. Meadow.,Can tolerate some shade but blooms much better with full sun. Summer bloom. Cheerful blossoms liven up bouquets. Spreads rapidly by underground rhizomes. May ned staking in garden situations.,6,7
Ruellia caroliniensis,Carolina Wild-petunia; Common Wild-petunia,ruellia_caroliniensis.jpg,2,4,5,5,1,6,14,6,,,"Long summer bloom. It is moderately tolerant of salt and likes higher pH, and makes a good plant for the area between sidewalks and streets.",1,4
Saccharum giganteum (Erianthus giganteus),Giant Plumegrass; Sugarcane Plumegrass,saccharum_giganteum.jpg,3,6,2,2,6,6,5,7,,,,5,7
Salix nigra,Black Willow,salix_nigra.jpg,6,2,2,5,5,6,21,6,"Rabbits, White Tailed Deer,Meadow Mouse. Host plant for mourning cloak, viceroy, red-spotted purple, and tiger swallowtail butterflies.",,,1,6
Salix sericea,Silky Willow,logo_785x853.jpg,4,2,3,5,2,6,13,6,,,,6,1
Salvia lyrata,Lyre-leaf Sage,salvia_lyrata.jpg,2,3,2,2,1,6,2,7,,Border. Pollinator garden. Rain garden. Ground cover..,Semi-evergreen.,5,7
Sambucus canadensis,Common Elderberry; American Elder,sambucas_canadensis.jpg,4,4,4,3,2,3,22,6,"Warblers, goldfinches and Grosbeak use for nesting. Per Alonso Abugattas, this genus is known to host 42 species of Lepidoptera and several other insects. Some 120 bird species have been noted feeding on its fruits (and on the numerous insects feeding on the foliage or visiting the flowers). The broken stems provide homes for mason and Ceratina bees at times also. ",,"Prunes heavily in winter to maintain thick form. Individual plants very short-lived, hower root masses produce new shoots. ",1,6
Sanguinaria canadensis,Bloodroot,sanguinaria_canadensis.jpg,1,2,6,4,1,6,30,3,,,,1,7
Sassafras albidum,Sassafras,sassafras_albidum.jpg,6,2,2,2,5,6,23,7,"At least 23 species of birds eat the berries including insect eaters like the King bird, Phoebe, and Flycatcher. Larval host to 38 specides of lepidoptera and the preferred host plant for the Spicebush swallowtail.",,"Although Sassafras grows most quickly in fertile soil, it is an appropriate tree to introduce into disturbed sites.",5,6
Saururus cernuus,Lizards-tail; Water-dragon,saururus_cernuus.jpg,2,4,2,6,1,6,1,6,Redhead duck.,Pond or bog.,,1,7
Schizachyrium scoparium,Little Bluestem,schizachyrium_scoparium.jpg,3,7,2,1,6,2,6,7,,,"Wonderful planted en masse, provides a changing visual dynamic that ranges from blue-green stems in late summer to radiant mahogany-red, white-tufted seed heads in fall. A reddish-tan color persists during winter. An excellent plant in inhospitable conditions.",1,7
Scirpus cyperinus,Woolgrass bulrush,logo_785x853.jpg,3,4,1,5,6,6,6,6,One of the most important species of wetland plants that provide food and cover for waterfowl and other wildlife.,,"A densely-tufted, clump-forming perennial, 4-6 feet high, with intersesting wooly seed heads.",6,7
Scutellaria integrifolia,Rough or Hyssop Skullcap; Helmet Flower,scutellaria_integrifolia.jpg,2,3,2,3,1,6,3,1,,,,5,7
Sedum ternatum,Wild Stonecrop; Woodland Stonecrop,sedum_ternatum.jpg,1,2,4,2,1,6,3,7,,Border. Walls. Rock Gardens.,"Rock-loving, prostrate, spreading ground cover. Cuttings readily root nd may be taken from sterile shoots at any tmie during the growing season. Easy to propogate.",1,7
Senna marilandica (Cassia m.),Maryland Wild Senna; Southern Wild Senna,senna_marilandica.jpg,3,5,2,2,1,6,19,7,,Pollinator garden.,"Interesting foliage and nice yellow flowers. Self seeds, tends to take over. ",1,7
Silene caroliniana,Wild Pink; Northern Wild Pink,silene_caroliniana.jpg,1,2,4,1,1,6,26,3,,Border.  Ground cover.,"A single wild pink plant can produce 50-100 showy, tubular flowers.",5,7
Silphium perfoliatum,Cup Plant,silphium_perfoliatum.jpg,3,4,2,5,1,6,20,1,Great for attracting butterflies.,Very tall border. Meadow.,,1,7
Sisyrinchium angustifolium,Narrow-leaved Blue-eyed-grass,sisyrinchium-angustifolium.jpg,1,3,2,2,1,4,1,5,,,"Although grass-like, it is a miniature member of the iris family. Like iris, they should be divided every two years. Avoid heavy mulch. Reseeds and can form thick stands over time.",5,7
Solidago altissima,"Tall, Late, or Canada Goldenrod",solidago_altissima.jpg,3,7,1,4,1,1,21,1,Goldenrods provide late-season food for bees and butterflies and may attract beneficial insects that target pests. 115 different caterpillars have been documented feeding on goldenrods.,"Border, pollinator garden. ",Very tall. Spreads aggressively by rhizomes.,1,6
Solidago caesia,Wreath or Bluestem Goldenrod,solidago_caesia.jpg,3,5,2,2,1,1,21,1,Goldenrods provide late-season food for bees and butterflies and may attract beneficial insects that target pests. 115 different caterpillars have been documented feeding on goldenrods.,"Border, pollinator garden. ",Shade tolerant. Not as aggressive as some goldenrods.,5,6
Solidago flexicaulis,Zigzag or Broadleaf Goldenrod,solidago_flexicaulis.jpg,2,5,2,4,1,1,21,1,Goldenrods provide late-season food for bees and butterflies and may attract beneficial insects that target pests. 115 different caterpillars have been documented feeding on goldenrods.,"Border, pollinator garden. ",May be aggressive but generally not very. Shade tolerant.,5,5
Solidago graminifolia,Grass-leaved Goldenrod,logo_785x853.jpg,3,5,2,2,1,1,21,1,Goldenrods provide late-season food for bees and butterflies and may attract beneficial insects that target pests. 115 different caterpillars have been documented feeding on goldenrods.,"Border, pollinator garden. ",Aggressive.,6,1
Solidago juncea,Early or Plume Goldenrod,solidago_juncea.jpg,3,5,1,2,1,1,21,1,Goldenrods provide late-season food for bees and butterflies and may attract beneficial insects that target pests. 115 different caterpillars have been documented feeding on goldenrods.,"Border, pollinator garden. ",,1,6
Solidago nemoralis,Field Goldenrod,solidago_nemoralis.jpg,2,6,1,2,1,1,21,1,Goldenrods provide late-season food for bees and butterflies and may attract beneficial insects that target pests. 115 different caterpillars have been documented feeding on goldenrods.,"Border, pollinator garden. ",Short. May be aggressive.,5,6
Solidago odora,Sweet Goldenrod; Anise-scented Goldenrod,solidago_odora.jpg,2,5,2,2,1,1,20,1,Goldenrods provide late-season food for bees and butterflies and may attract beneficial insects that target pests. 115 different caterpillars have been documented feeding on goldenrods.,"Border, pollinator garden. ","Primarily clump-forming, does not spread aggressively as do some of the other goldenrod species and hybrids.",1,6
Solidago rugosa,Wrinkle-leaved Goldenrod,solidago_rugosa.jpg,3,6,1,5,1,1,21,1,Goldenrods provide late-season food for bees and butterflies and may attract beneficial insects that target pests. 115 different caterpillars have been documented feeding on goldenrods.,"Border, pollinator garden. ",Somewhat shade-tolerant and spreads quickly by runners.,6,6
Sorghastrum nutans,Indian Grass,sorghastrum_nutans.jpg,3,6,1,2,6,2,23,6,,,,1,7
Spiranthes cernua,Nodding Ladies Tresses,spiranthes_cernua.jpg,1,4,2,2,1,6,3,6,,,,5,7
Staphylea trifolia,Bladdernut,logo_785x853.jpg,4,2,6,4,2,6,30,3,,,,1,5
Stellaria pubera,Star Chickweed; Common Starwort; Giant Chickweed; Great Chickweed,logo_785x853.jpg,1,2,6,4,1,6,3,1,,,,1,7
Symphyotrichum laeve,Smooth Aster,logo_785x853.jpg,2,6,1,2,1,6,21,6,"Symphyotricum species benefit Ruffed Grouse, Wild Turkey, Tree Sparrow, Cottontail, Cardinals, Goldfinches, Chickadees, Titmouse, Towhees, Indigo Buntin, and 109 species of Lepidoptera.",,,6,6
Symphyotrichum novae-angliae,New England Aster,symphyotricum_novae_angliae.jpg,3,6,1,4,1,1,21,1,"Symphyotricum species benefit Ruffed Grouse, Wild Turkey, Tree Sparrow, Cottontail, Cardinals, Goldfinches, Chickadees, Titmouse, Towhees, Indigo Buntin, and 109 species of Lepidoptera.",,Superior asters for gardens.,1,6
Symphyotrichum novi-belgii,New York Aster,logo_785x853.jpg,2,6,1,4,1,1,21,3,"Symphyotricum species benefit Ruffed Grouse, Wild Turkey, Tree Sparrow, Cottontail, Cardinals, Goldfinches, Chickadees, Titmouse, Towhees, Indigo Buntin, and 109 species of Lepidoptera.",,Superior asters for gardens.,6,7
Symphyotricum cordifolium,Heart-leaved Aster; Blue Wood Aster,symphyotrichum_cordifolium.jpg,3,6,2,2,1,1,21,1,"Symphyotricum species benefit Ruffed Grouse, Wild Turkey, Tree Sparrow, Cottontail, Cardinals, Goldfinches, Chickadees, Titmouse, Towhees, Indigo Buntin, and 109 species of Lepidoptera.",,Short with pale blue flowers.,1,6
Symphyotricum lateriflorum,Calico Aster,symphyotrichum_lateriflorum.jpg,2,6,1,4,1,1,14,6,"Symphyotricum species benefit Ruffed Grouse, Wild Turkey, Tree Sparrow, Cottontail, Cardinals, Goldfinches, Chickadees, Titmouse, Towhees, Indigo Buntin, and 109 species of Lepidoptera.",,Showy white flowers with yellow centers.,5,6
Symphyotricum oblongifolium,Aromatic Aster,symphyotrichum_oblongifolium.jpg,2,5,1,2,1,1,14,1,"Symphyotricum species benefit Ruffed Grouse, Wild Turkey, Tree Sparrow, Cottontail, Cardinals, Goldfinches, Chickadees, Titmouse, Towhees, Indigo Buntin, and 109 species of Lepidoptera.","Border, pollinator garden. ",October Skies selection forms a tidy low mound.,5,7
Taxodium distichum,Bald Cypress,taxodium_distichum.jpg,7,1,5,5,2,2,6,6,Larval host for baldcypress sphinx.,"Shade tree, commercial spaces","Although Baldcypress is usually found in swamps, this is an adaptation to low oxygen, not water need, so it does very well in dry, compacted urban soils. Bald refeers to its decidous nature, uncommon among other conifers. Knees develop mostly in poorly drained soilds. Brilliant russet fall color.",5,7
Thalictrum dioicum,Early Meadow Rue,thalictrum_dioicum.jpg,2,2,6,4,1,6,30,3,,,,5,3
Thalictrum pubescens (T. polygamum),Common Tall Meadow Rue; King of the Meadow,logo_785x853.jpg,4,4,3,5,1,6,13,1,,,May be difficult to find for sale.,6,7
Thalictrum thalictroides,Rue Anemone; Windflower,thalictrum_thalictroides.jpg,1,3,5,2,1,6,4,6,,,Easily cultivated.,5,7
Thelypteris palustris,Marsh Fern,logo_785x853.jpg,2,1,2,2,4,6,5,6,,,,6,7
Tiarella cordifolia,Heart-leaved Foamflower; Foamflower; False Miterwort,tiarella_cordifolia.jpg,1,3,3,4,1,6,1,3,Ruffed Grouse. ,Ground cover.,,1,7
Tradescantia virginiana,Virginia Spiderwort,tradascantia_virginiana.jpg,2,3,3,4,1,6,3,5,,Short borders.,"Very long bloom season but blooms only in the morning. Self-seeds, hard to pull out and will resprout from any missed roots, so pull up seedlings when they are very young. ",1,7
Tridens flavus var. flavus,Purpletop; Tall Redtop,tridens_flavus.jpg,3,5,2,2,6,6,6,6,,,,1,7
Uvularia perfoliata,Perfoliate Bellwort; Mealy Bellwort,logo_785x853.jpg,2,2,2,4,1,6,3,3,,,,6,7
Vaccinium corymbosum,Highbush Blueberry; Northern Highbush Blueberry,vaccinum_corymbosum.jpg,4,3,3,3,2,6,20,7,,Fruit. Fall color. Commercial spaces. Erosion control.,Blueberries prefer acidic soils with sandy or rocky material.,5,6
Vaccinium pallidum,Early Lowbush or Blue Ridge Blueberry,logo_785x853.jpg,2,3,3,2,2,3,19,7,"Sweet berries have a high wildlife value, as do flowers and leaves. Several dozen songbirds, Oppossum, Red Fox, Skunk, Raccoon, rabbit, Bear, Wild turkey.",Fruit. Fall color. Commercial spaces.,,6,7
Verbena hastata,Blue Vervain; Common Vervain; Swamp Verbena,logo_785x853.jpg,2,4,2,5,1,6,17,6,"Swamp, Tree, White-Crowned, and Song Sparrows, Cottontail, Cardinal, Junco.",,,6,3
Verbesina alternifolia,Wingstem; Yellow Ironweed,verbesina_alternifolia.jpg,3,6,1,4,1,6,14,1,,Tall border.,It will still bloom in shade but stay shorter.,1,7
Vernonia noveboracensis,New York Ironweed,vernonia_noveboracensis.jpg,3,5,2,2,1,6,13,3,,"Border, meadow. ",Can be very tall. Cut back in spring for shorter summer plants.,1,7
Veronicastrum virginicum,Culvers-root,veronicastrum_virginicum.jpg,3,5,2,5,1,6,3,6,,Border. Pollinator garden.,Interesting white spikes of flowers.,1,7
Viburnum acerifolium,Maple-leaved Viburnum; Dockmackie,viburnum_acerifolium.jpg,4,3,3,3,2,3,6,5,"104 Lepidoptera species are known to utilize viburnums. At least 35 bird species are known to favor their berries, as well as several mammal species. Various pollinators visit the fairly showy flowers. Drupes (berries) attract Eastern Bluebird, Northern Flicker, Gray Catbird, and American Robin. Larval host for spring azure butterfly.",Commercial spaces. Erosion control.,The most shade-tolerant and shortest of the viburnums. Not very tolerant of salt or pollution. ,5,7
Viburnum dentatum,Arrow-wood; Southern Arrow-wood Viburnum,viburnum_dentatum.jpg,4,3,3,3,2,6,6,7,Host plant for the spring azure butterfly. ,Tall hedge or screen. Background to ornamentals. Commercial spaces.,Two are needed to produce fruit. Bluish/black fruit are better liked than others viburnums as forage. Not very drought tolerant. The most soil-tolerant of the viburnums.,1,6
Viburnum nudum,Possum-haw Viburnum; Southern Wild Raisin,logo_785x853.jpg,5,3,3,5,2,6,1,7,,Hedge.,"Blooms best with more sun and likes moist situations. Interesting-looking, edible berries. Flood, cold, insect, and disease tolerant, and transplants well.",6,6
Viburnum prunifolium,Blackhaw Viburnum; Nannyberry,viburnum_prunifolium.jpg,5,3,3,3,2,6,22,5,,Red fall foliage.Commercial spaces.,"It is fairly drought and wet tolerant, but not of compact or salty soil conditions. For best flowers and fruit, give black haw at least one-half day of sunlight.",5,6
Viola labradorica,Dog Violet,viola_labradorica.jpg,1,2,2,1,1,4,30,1,,,,5,6
Viola pedata,Birds-foot Violet,viola_pedata.jpg,1,2,1,2,1,4,23,7,,,,5,6
Viola pubescens,Yellow or Downy Yellow Violet,logo_785x853.jpg,1,3,4,5,1,4,15,1,,,,6,7
Viola striata,Striped White  or Cream Violet,viola_striata.jpg,1,2,4,5,1,4,22,1,,,Long-blooming.,5,6
Vitis aestivalis,Summer Grape,vitis_aestivalis.jpg,5,3,1,4,3,6,1,6,"Bobwhite, Grouse,Wild Turkey,Wood Duck,Fox, Oppossum,Raccoon, Skunk, several dozen species of songbirds and 3 species of woodpeckers.",,May be difficult to find for sale.,5,7
Wisteria frutescens,Atlantic wisteria,wisteria_frutescens.jpg,5,3,3,2,3,2,16,6,,,"Large, fragrant, drooping clusters of flowers - 6-9 inches long - appear only on new wood and after the plant has leafed out, a difference from the popular but invasive Asian species. Less aggressive than the Asian. ",5,4
Yucca filamentosa,Common Yucca; Adams Needle,yucca_filamentosa.jpg,3,4,1,1,1,1,26,7,Larval host to black swallowtail butterfly.This plant and the Yucca moth are completely interdependent: one cannot reproduce without the other.,Border.,,1,4
Zizania aquatica,Southern Wild Rice,logo_785x853.jpg,4,4,1,5,6,6,6,6,,,,6,4
Zizia aurea,Golden-alexanders,zizia_aurea.jpg,2,3,3,5,1,3,14,6,,Border.,Attracts beneficial insects that control pests.,1,7
